,,accelerator,accelerator_type,accelerator_manufacturer,accelerator_api,accelerator_architecture,accelerator_memory_size,accelerator_tdp
ATI;Radeon;HD,5970,ATI_AMDRadeon_HD_5970,GPU,AMD,OpenCL_1_2,TeraScale2,2G,294
ATI;Radeon;HD,5870,ATI_AMDRadeon_HD_5870,GPU,AMD,OpenCL_1_2,TeraScale2,1G,188
ATI;Radeon;HD,5850,ATI_AMDRadeon_HD_5850,GPU,AMD,OpenCL_1_2,TeraScale2,1G,151
ATI;Radeon;HD,5830,ATI_AMDRadeon_HD_5830,GPU,AMD,OpenCL_1_2,TeraScale2,1G,175
ATI;Radeon;HD,5770,ATI_AMDRadeon_HD_5770,GPU,AMD,OpenCL_1_2,TeraScale2,1G,108
ATI;Radeon;HD,5750,ATI_AMDRadeon_HD_5750,GPU,AMD,OpenCL_1_2,TeraScale2,1G,86
ATI;Radeon;HD,5670,ATI_AMDRadeon_HD_5670,GPU,AMD,OpenCL_1_2,TeraScale2,1G,64
ATI;Radeon;HD,5570,ATI_AMDRadeon_HD_5570,GPU,AMD,OpenCL_1_2,TeraScale2,1G,39
ATI;Radeon;HD,5450,ATI_AMDRadeon_HD_5450,GPU,AMD,OpenCL_1_2,TeraScale2,1G,19
AMD;Radeon;Vega,Frontier,AMDRadeon_Vega_Frontier,GPU,AMD,OpenCL_2_1,Vega,16G,300
AMD;Radeon;RX;Vega64,Liquid,AMDRadeon_RX_Vega_64_L,GPU,AMD,OpenCL_2_1,GCN_5_0,8G,345
AMD;Radeon;RX;Vega64,,AMDRadeon_RX_Vega_64,GPU,AMD,OpenCL_2_1,GCN_5_0,8G,295
AMD;Radeon;RX,Vega 56,AMDRadeon_RX_Vega_56,GPU,AMD,OpenCL_2_1,GCN_5_0,8G,210
AMD;Radeon;RX,6950 XT,AMDRadeon_RX_6950_XT,GPU,AMD,OpenCL_2_1,RDNA_2_0,16G,335
AMD;Radeon;RX,6900 XT,AMDRadeon_RX_6900_XT,GPU,AMD,OpenCL_2_1,RDNA_2_0,16G,300
AMD;Radeon;RX,6850M XT,AMDRadeon_RX_6850M_XT,GPU,AMD,OpenCL_2_1,RDNA_2_0,12G,165
AMD;Radeon;RX,6800S,AMDRadeon_RX_6800S,GPU,AMD,OpenCL_2_1,RDNA_2_0,8G,100
AMD;Radeon;RX,6800M,AMDRadeon_RX_6800M,GPU,AMD,OpenCL_2_1,RDNA_2_0,12G,145
AMD;Radeon;RX,6800 XT,AMDRadeon_RX_6800_XT,GPU,AMD,OpenCL_2_1,RDNA_2_0,16G,300
AMD;Radeon;RX,6750 XT,AMDRadeon_RX_6750_XT,GPU,AMD,OpenCL_2_1,RDNA_2_0,12G,250
AMD;Radeon;RX,6700S,AMDRadeon_RX_6700S,GPU,AMD,OpenCL_2_1,RDNA_2_0,8G,80
AMD;Radeon;RX,6700M,AMDRadeon_RX_6700M,GPU,AMD,OpenCL_2_1,RDNA_2_0,10G,135
AMD;Radeon;RX,6700 XT,AMDRadeon_RX_6700_XT,GPU,AMD,OpenCL_2_1,RDNA_2_0,12G,230
AMD;Radeon;RX,6650M XT,AMDRadeon_RX_6650M_XT,GPU,AMD,OpenCL_2_1,RDNA_2_0,8G,120
AMD;Radeon;RX,6650M,AMDRadeon_RX_6650M,GPU,AMD,OpenCL_2_1,RDNA_2_0,8G,120
AMD;Radeon;RX,6650 XT,AMDRadeon_RX_6650_XT,GPU,AMD,OpenCL_2_1,RDNA_2_0,8G,176
AMD;Radeon;RX,6600S,AMDRadeon_RX_6600S,GPU,AMD,OpenCL_2_1,RDNA_2_0,4G,80
AMD;Radeon;RX,6600M,AMDRadeon_RX_6600M,GPU,AMD,OpenCL_2_1,RDNA_2_0,8G,100
AMD;Radeon;RX,6600 XT,AMDRadeon_RX_6600_XT,GPU,AMD,OpenCL_2_1,RDNA_2_0,8G,160
AMD;Radeon;RX,6500M,AMDRadeon_RX_6500M,GPU,AMD,OpenCL_2_2,RDNA_2_0,4G,50
AMD;Radeon;RX,6500 XT,AMDRadeon_RX_6500_XT,GPU,AMD,OpenCL_2_2,RDNA_2_0,4G,107
AMD;Radeon;RX,6300M,AMDRadeon_RX_6300M,GPU,AMD,OpenCL_2_2,RDNA_2_0,2G,25
AMD;Radeon;RX,580X,AMDRadeon_RX_580X,GPU,AMD,OpenCL_2_1,GCN_4_0,8G,185
AMD;Radeon;RX,570X,AMDRadeon_RX_570X,GPU,AMD,OpenCL_2_1,GCN_4_0,8G,150
AMD;Radeon;RX,5700M,AMDRadeon_RX_5700M,GPU,AMD,OpenCL_2_1,RDNA_1_0,8G,180
AMD;Radeon;RX,5700 XT,AMDRadeon_RX_5700_XT,GPU,AMD,OpenCL_2_1,RDNA_1_0,8G,225
AMD;Radeon;RX,560X,AMDRadeon_RX_560X,GPU,AMD,OpenCL_2_1,GCN_4_0,4G,75
AMD;Radeon;RX,5600M,AMDRadeon_RX_5600M,GPU,AMD,OpenCL_2_1,RDNA_1_0,6G,150
AMD;Radeon;RX,5600 XT,AMDRadeon_RX_5600_XT,GPU,AMD,OpenCL_2_1,RDNA_1_0,6G,150
AMD;Radeon;RX,550X,AMDRadeon_RX_550X,GPU,AMD,OpenCL_2_1,GCN_4_0,4G,50
AMD;Radeon;RX,5500M,AMDRadeon_RX_5500M,GPU,AMD,OpenCL_2_1,RDNA_1_0,4G,85
AMD;Radeon;RX,5500 XT,AMDRadeon_RX_5500_XT,GPU,AMD,OpenCL_2_1,RDNA_1_0,8G,130
AMD;Radeon;RX,540X,AMDRadeon_RX_540X,GPU,AMD,OpenCL_2_1,GCN_4_0,4G,50
AMD;Radeon;RX,5300M,AMDRadeon_RX_5300M,GPU,AMD,OpenCL_2_1,RDNA_1_0,3G,85
AMD;Radeon;RX,6800,AMDRadeon_RX_6800,GPU,AMD,OpenCL_2_1,RDNA_2_0,16G,250
AMD;Radeon;RX,6700,AMDRadeon_RX_6700,GPU,AMD,OpenCL_2_1,RDNA_2_0,10G,175
AMD;Radeon;RX,6600,AMDRadeon_RX_6600,GPU,AMD,OpenCL_2_1,RDNA_2_0,8G,132
AMD;Radeon;RX,6400,AMDRadeon_RX_6400,GPU,AMD,OpenCL_2_2,RDNA_2_0,4G,53
AMD;Radeon;RX,5700,AMDRadeon_RX_5700,GPU,AMD,OpenCL_2_1,RDNA_1_0,8G,180
AMD;Radeon;RX,5600,AMDRadeon_RX_5600,GPU,AMD,OpenCL_2_1,RDNA_1_0,6G,150
AMD;Radeon;RX,5500,AMDRadeon_RX_5500,GPU,AMD,OpenCL_2_1,RDNA_1_0,4G,110
AMD;Radeon;RX,5300,AMDRadeon_RX_5300,GPU,AMD,OpenCL_2_1,RDNA_1_0,3G,85
AMD;Radeon;RX,640,AMDRadeon_RX_640,GPU,AMD,OpenCL_2_1,GCN_4_0,4G,50
AMD;Radeon;RX,590,AMDRadeon_RX_590,GPU,AMD,OpenCL_2_1,GCN_4_0,8G,175
AMD;Radeon;RX,580,AMDRadeon_RX_580,GPU,AMD,OpenCL_2_1,GCN_4_0,8G,185
AMD;Radeon;RX,570,AMDRadeon_RX_570,GPU,AMD,OpenCL_2_1,GCN_4_0,8G,150
AMD;Radeon;RX,560,AMDRadeon_RX_560,GPU,AMD,OpenCL_2_1,GCN_4_0,4G,75
AMD;Radeon;RX,550,AMDRadeon_RX_550,GPU,AMD,OpenCL_2_1,GCN_4_0,4G,50
AMD;Radeon;RX,540,AMDRadeon_RX_540,GPU,AMD,OpenCL_2_1,GCN_4_0,4G,50
AMD;Radeon;RX,480,AMDRadeon_RX_480,GPU,AMD,OpenCL_2_1,GCN_4_0,4G,110
AMD;Radeon;RX,470,AMDRadeon_RX_470,GPU,AMD,OpenCL_2_1,GCN_4_0,4G,120
AMD;Radeon;RX,460,AMDRadeon_RX_460,GPU,AMD,OpenCL_2_1,GCN_4_0,2G,75
AMD;Radeon;R9;Fury,X,AMDRadeon_R9_Fury_X,GPU,AMD,OpenCL_2_0,GCN_3_0,4G,275
AMD;Radeon;R9;Fury,,AMDRadeon_R9_Fury,GPU,AMD,OpenCL_2_0,GCN_3_0,4G,275
AMD;Radeon;R9,Nano,AMDRadeon_R9_Nano,GPU,AMD,OpenCL_2_0,GCN_3_0,4G,175
AMD;Radeon;R9,M395X,AMDRadeon_R9_M395X,GPU,AMD,OpenCL_2_0,GCN_3_0,4G,75
AMD;Radeon;R9,M395,AMDRadeon_R9_M395,GPU,AMD,OpenCL_2_0,GCN_3_0,4G,250
AMD;Radeon;R9,M390X,AMDRadeon_R9_M390X,GPU,AMD,OpenCL_2_0,GCN_3_0,4G,75
AMD;Radeon;R9,M390,AMDRadeon_R9_M390,GPU,AMD,OpenCL_2_0,GCN_3_0,4G,80
AMD;Radeon;R9,M385X,AMDRadeon_R9_M385X,GPU,AMD,OpenCL_2_0,GCN_2_0,4G,na
AMD;Radeon;R9,M385,AMDRadeon_R9_M385,GPU,AMD,OpenCL_2_0,GCN_2_0,4G,na
AMD;Radeon;R9,M380,AMDRadeon_R9_M380,GPU,AMD,OpenCL_2_0,GCN_2_0,4G,na
AMD;Radeon;R9,M375X,AMDRadeon_R9_M375X,GPU,AMD,OpenCL_1_2,GCN_1_0,4G,na
AMD;Radeon;R9,M375,AMDRadeon_R9_M375,GPU,AMD,OpenCL_1_2,GCN_1_0,4G,na
AMD;Radeon;R9,M365X,AMDRadeon_R9_M365X,GPU,AMD,OpenCL_1_2,GCN_1_0,4G,na
AMD;Radeon;R9,M360,AMDRadeon_R9_M360,GPU,AMD,OpenCL_1_2,GCN_1_0,4G,na
AMD;Radeon;R9,M295X,AMDRadeon_R9_M295X,GPU,AMD,OpenCL_2_0,GCN_3_0,4G,250
AMD;Radeon;R9,M290X,AMDRadeon_R9_M290X,GPU,AMD,OpenCL_1_2,GCN_1_0,4G,100
AMD;Radeon;R9,M285X,AMDRadeon_R9_M285X,GPU,AMD,OpenCL_2_0,GCN_3_0,4G,na
AMD;Radeon;R9,M280X,AMDRadeon_R9_M280X,GPU,AMD,OpenCL_2_0,GCN_2_0,4G,na
AMD;Radeon;R9,M280,AMDRadeon_R9_M280,GPU,AMD,OpenCL_2_0,GCN_2_0,4G,na
AMD;Radeon;R9,M275X,AMDRadeon_R9_M275X,GPU,AMD,OpenCL_1_2,GCN_1_0,4G,na
AMD;Radeon;R9,M270X,AMDRadeon_R9_M270X,GPU,AMD,OpenCL_2_0,GCN_2_0,4G,na
AMD;Radeon;R9,M265X,AMDRadeon_R9_M265X,GPU,AMD,OpenCL_1_2,GCN_1_0,4G,na
AMD;Radeon;R9,390X,AMDRadeon_R9_390X,GPU,AMD,OpenCL_2_0,GCN_2_0,8G,275
AMD;Radeon;R9,380X,AMDRadeon_R9_380X,GPU,AMD,OpenCL_2_0,GCN_3_0,4G,190
AMD;Radeon;R9,295X2,AMDRadeon_R9_295X2,GPU,AMD,OpenCL_2_0,GCN_2_0,8G,500
AMD;Radeon;R9,290X,AMDRadeon_R9_290X,GPU,AMD,OpenCL_2_0,GCN_2_0,4G,275
AMD;Radeon;R9,280X,AMDRadeon_R9_280X,GPU,AMD,OpenCL_1_2,GCN_1_0,3G,250
AMD;Radeon;R9,270X,AMDRadeon_R9_270X,GPU,AMD,OpenCL_1_2,GCN_1_0,2G,180
AMD;Radeon;R9,390,AMDRadeon_R9_390,GPU,AMD,OpenCL_2_0,GCN_2_0,8G,275
AMD;Radeon;R9,380,AMDRadeon_R9_380,GPU,AMD,OpenCL_2_0,GCN_3_0,4G,190
AMD;Radeon;R9,290,AMDRadeon_R9_290,GPU,AMD,OpenCL_2_0,GCN_2_0,4G,275
AMD;Radeon;R9,285,AMDRadeon_R9_285,GPU,AMD,OpenCL_2_0,GCN_3_0,2G,190
AMD;Radeon;R9,280,AMDRadeon_R9_280,GPU,AMD,OpenCL_1_2,GCN_1_0,3G,200
AMD;Radeon;R9,270,AMDRadeon_R9_270,GPU,AMD,OpenCL_1_2,GCN_1_0,2G,150
AMD;Radeon;R7,M380,AMDRadeon_R7_M380,GPU,AMD,OpenCL_1_2,GCN_1_0,4G,na
AMD;Radeon;R7,M375,AMDRadeon_R7_M375,GPU,AMD,OpenCL_1_2,GCN_1_0,4G,na
AMD;Radeon;R7,M370,AMDRadeon_R7_M370,GPU,AMD,OpenCL_1_2,GCN_1_0,4G,na
AMD;Radeon;R7,M365X,AMDRadeon_R7_M365X,GPU,AMD,OpenCL_1_2,GCN_1_0,4G,na
AMD;Radeon;R7,M365,AMDRadeon_R7_M365,GPU,AMD,OpenCL_1_2,GCN_1_0,4G,na
AMD;Radeon;R7,M360,AMDRadeon_R7_M360,GPU,AMD,OpenCL_2_0,GCN_3_0,4G,na
AMD;Radeon;R7,M350,AMDRadeon_R7_M350,GPU,AMD,OpenCL_1_2,GCN_1_0,4G,35
AMD;Radeon;R7,M340,AMDRadeon_R7_M340,GPU,AMD,OpenCL_1_2,GCN_1_0,4G,na
AMD;Radeon;R7,M270,AMDRadeon_R7_M270,GPU,AMD,OpenCL_1_2,GCN_1_0,2G,na
AMD;Radeon;R7,M265X,AMDRadeon_R7_M265X,GPU,AMD,OpenCL_1_2,GCN_1_0,2G,na
AMD;Radeon;R7,M265AE,AMDRadeon_R7_M265AE,GPU,AMD,OpenCL_1_2,GCN_1_0,2G,na
AMD;Radeon;R7,M265,AMDRadeon_R7_M265,GPU,AMD,OpenCL_2_0,GCN_3_0,4G,na
AMD;Radeon;R7,M260X,AMDRadeon_R7_M260X,GPU,AMD,OpenCL_1_2,GCN_1_0,4G,na
AMD;Radeon;R7,M260,AMDRadeon_R7_M260,GPU,AMD,OpenCL_2_0,GCN_3_0,4G,na
AMD;Radeon;R7,260X,AMDRadeon_R7_260X,GPU,AMD,OpenCL_2_0,GCN_2_0,4G,115
AMD;Radeon;R7,250X,AMDRadeon_R7_250X,GPU,AMD,OpenCL_1_2,GCN_1_0,2G,80
AMD;Radeon;R7,370,AMDRadeon_R7_370,GPU,AMD,OpenCL_1_2,GCN_1_0,4G,110
AMD;Radeon;R7,360,AMDRadeon_R7_360,GPU,AMD,OpenCL_2_0,GCN_2_0,2G,100
AMD;Radeon;R7,265,AMDRadeon_R7_265,GPU,AMD,OpenCL_1_2,GCN_1_0,4G,150
AMD;Radeon;R7,260,AMDRadeon_R7_260,GPU,AMD,OpenCL_2_0,GCN_2_0,2G,95
AMD;Radeon;R7,250,AMDRadeon_R7_250,GPU,AMD,OpenCL_1_2,GCN_1_0,2G,55
AMD;Radeon;R7,240,AMDRadeon_R7_240,GPU,AMD,OpenCL_1_2,GCN_1_0,2G,30
AMD;Radeon;R5,M335X,AMDRadeon_R5_M335X,GPU,AMD,OpenCL_1_2,GCN_1_0,4G,na
AMD;Radeon;R5,M335,AMDRadeon_R5_M335,GPU,AMD,OpenCL_1_2,GCN_1_0,4G,na
AMD;Radeon;R5,M330,AMDRadeon_R5_M330,GPU,AMD,OpenCL_1_2,GCN_1_0,4G,18
AMD;Radeon;R5,M320,AMDRadeon_R5_M320,GPU,AMD,OpenCL_1_2,GCN_1_0,4G,na
AMD;Radeon;R5,M315,AMDRadeon_R5_M315,GPU,AMD,OpenCL_2_0,GCN_3_0,4G,na
AMD;Radeon;R5,M255X,AMDRadeon_R5_M255X,GPU,AMD,OpenCL_2_0,GCN_3_0,4G,na
AMD;Radeon;R5,M255,AMDRadeon_R5_M255,GPU,AMD,OpenCL_2_0,GCN_3_0,4G,na
AMD;Radeon;R5,M240X,AMDRadeon_R5_M240X,GPU,AMD,OpenCL_1_2,GCN_1_0,4G,na
AMD;Radeon;R5,M240,AMDRadeon_R5_M240,GPU,AMD,OpenCL_1_2,GCN_1_0,4G,na
AMD;Radeon;R5,M230,AMDRadeon_R5_M230,GPU,AMD,OpenCL_1_2,GCN_1_0,4G,na
AMD;Radeon;R5,235,AMDRadeon_R5_235,GPU,AMD,OpenCL_1_2,TeraScale2,4G,35
AMD;Radeon;R5,230,AMDRadeon_R5_230,GPU,AMD,OpenCL_1_2,TeraScale2,4G,19
AMD;Radeon;Pro;WX,9100,AMDRadeon_PRO_WX_9100,GPU,AMD,OpenCL_2_1,Vega,16G,230
AMD;Radeon;Pro;WX,8200,AMDRadeon_PRO_WX_8200,GPU,AMD,OpenCL_2_1,Vega,8G,230
AMD;Radeon;Pro;WX,7100,AMDRadeon_PRO_WX_7100,GPU,AMD,OpenCL_2_0,GCN_4_0,8G,130
AMD;Radeon;Pro;WX,5100,AMDRadeon_PRO_WX_5100,GPU,AMD,OpenCL_2_0,GCN_4_0,8G,75
AMD;Radeon;Pro;WX,4170,AMDRadeon_PRO_WX_4170,GPU,AMD,OpenCL_2_0,GCN_4_0,4G,50
AMD;Radeon;Pro;WX,4150,AMDRadeon_PRO_WX_4150,GPU,AMD,OpenCL_2_0,GCN_4_0,4G,50
AMD;Radeon;Pro;WX,4130,AMDRadeon_PRO_WX_4130,GPU,AMD,OpenCL_2_0,GCN_4_0,4G,50
AMD;Radeon;Pro;WX,4100,AMDRadeon_PRO_WX_4100,GPU,AMD,OpenCL_2_0,GCN_4_0,4G,50
AMD;Radeon;Pro;WX,3200,AMDRadeon_PRO_WX_3200,GPU,AMD,OpenCL_2_0,GCN_4_0,4G,65
AMD;Radeon;Pro;WX,3100,AMDRadeon_PRO_WX_3100,GPU,AMD,OpenCL_2_0,GCN_4_0,4G,65
AMD;Radeon;Pro;WX,2100,AMDRadeon_PRO_WX_2100,GPU,AMD,OpenCL_2_0,GCN_4_0,2G,35
AMD;Radeon;Pro,W6800,AMDRadeon_PRO_W6800,GPU,AMD,OpenCL_2_1,RDNA2,32G,250
AMD;Radeon;Pro,W6600M,AMDRadeon_PRO_W6600M,GPU,AMD,OpenCL_2_1,RDNA2,8G,90
AMD;Radeon;Pro,W6600,AMDRadeon_PRO_W6600,GPU,AMD,OpenCL_2_1,RDNA2,8G,100
AMD;Radeon;Pro,W6500M,AMDRadeon_PRO_W6500M,GPU,AMD,OpenCL_2_2,RDNA2,4G,50
AMD;Radeon;Pro,W6400,AMDRadeon_PRO_W6400,GPU,AMD,OpenCL_2_2,RDNA2,4G,50
AMD;Radeon;Pro,W6300M,AMDRadeon_PRO_W6300M,GPU,AMD,OpenCL_2_2,RDNA2,2G,25
AMD;Radeon;Pro,W5700,AMDRadeon_PRO_W5700,GPU,AMD,OpenCL_2_1,RDNA,8G,205
AMD;Radeon;Pro,W5500M,AMDRadeon_PRO_W5500M,GPU,AMD,OpenCL_2_1,RDNA,4G,85
AMD;Radeon;Pro,W5500,AMDRadeon_PRO_W5500,GPU,AMD,OpenCL_2_1,RDNA,8G,125
AMD;Radeon;Pro,VII,AMDRadeon_PRO_VII,GPU,AMD,OpenCL_2_1,Vega20,16G,250
AMD;Radeon;Pro,V620,AMDRadeon_PRO_V620,GPU,AMD,OpenCL_2_1,RDNA2,32G,300
AMD;Radeon;Pro,V520,AMDRadeon_PRO_V520,GPU,AMD,OpenCL_2_2,RDNA,8G,225
AMD;Radeon;Pro,V520,AMDRadeonPRO_V_250,GPU,AMD,OpenCL_2_2,RDNA,8G,225
AMD;Radeon;Pro,SSG,AMDRadeon_PRO_SSG,GPU,AMD,OpenCL_2_1,Vega,16G,260
AMD;Radeon;Pro,Duo,AMDRadeon_PRO_Duo,GPU,AMD,OpenCL_2_0,GCN_3_0,32G,350
AMD;Radeon;HD;7970,GHz,AMDRadeon_HD_7970_GE,GPU,AMD,OpenCL_1_2,GCN_1_0,3G,300
AMD;Radeon;HD;7970,,AMDRadeon_HD_7970,GPU,AMD,OpenCL_1_2,GCN_1_0,3G,250
AMD;Radeon;HD,8970M,AMDRadeon_HD_8970M,GPU,AMD,OpenCL_1_2,GCN_1_0,4G,100
AMD;Radeon;HD,8870M,AMDRadeon_HD_8870M,GPU,AMD,OpenCL_1_2,GCN_1_0,2G,na
AMD;Radeon;HD,8850M,AMDRadeon_HD_8850M,GPU,AMD,OpenCL_1_2,GCN_1_0,2G,na
AMD;Radeon;HD,8830M,AMDRadeon_HD_8830M,GPU,AMD,OpenCL_1_2,GCN_1_0,2G,na
AMD;Radeon;HD,8790M,AMDRadeon_HD_8790M,GPU,AMD,OpenCL_1_2,GCN_1_0,2G,na
AMD;Radeon;HD,8770M,AMDRadeon_HD_8770M,GPU,AMD,OpenCL_1_2,GCN_1_0,2G,na
AMD;Radeon;HD,8750M,AMDRadeon_HD_8750M,GPU,AMD,OpenCL_1_2,GCN_1_0,2G,na
AMD;Radeon;HD,8730M,AMDRadeon_HD_8730M,GPU,AMD,OpenCL_1_2,GCN_1_0,2G,na
AMD;Radeon;HD,8690M,AMDRadeon_HD_8690M,GPU,AMD,OpenCL_1_2,GCN_1_0,2G,na
AMD;Radeon;HD,8670M,AMDRadeon_HD_8670M,GPU,AMD,OpenCL_1_2,GCN_1_0,2G,na
AMD;Radeon;HD,8590M,AMDRadeon_HD_8590M,GPU,AMD,OpenCL_1_2,GCN_1_0,2G,na
AMD;Radeon;HD,8570M,AMDRadeon_HD_8570M,GPU,AMD,OpenCL_1_2,GCN_1_0,2G,na
AMD;Radeon;HD,7990,AMDRadeon_HD_7990,GPU,AMD,OpenCL_1_2,GCN_1_0,3G,375
AMD;Radeon;HD,7950,AMDRadeon_HD_7950,GPU,AMD,OpenCL_1_2,GCN_1_0,3G,200
AMD;Radeon;HD,7870,AMDRadeon_HD_7870_GE,GPU,AMD,OpenCL_1_2,GCN_1_0,2G,175
AMD;Radeon;HD,7850,AMDRadeon_HD_7850,GPU,AMD,OpenCL_1_2,GCN_1_0,2G,130
AMD;Radeon;HD,7790,AMDRadeon_HD_7790,GPU,AMD,OpenCL_2_0,GCN_2_0,1G,85
AMD;Radeon;HD,7770,AMDRadeon_HD_7770_GE,GPU,AMD,OpenCL_1_2,GCN_1_0,1G,80
AMD;Radeon;HD,7750,AMDRadeon_HD_7750,GPU,AMD,OpenCL_1_2,GCN_1_0,1G,55
AMD;Radeon;HD,7730,AMDRadeon_HD_7730,GPU,AMD,OpenCL_1_2,GCN_1_0,1G,47
AMD;Radeon;HD,6970,AMDRadeon_HD_6970,GPU,AMD,OpenCL_1_2,TeraScale3,2G,250
AMD;Radeon;HD,6950,AMDRadeon_HD_6950,GPU,AMD,OpenCL_1_2,TeraScale3,2G,200
AMD;Radeon;HD,6870,AMDRadeon_HD_6870,GPU,AMD,OpenCL_1_2,TeraScale2,1G,151
AMD;Radeon;HD,6850,AMDRadeon_HD_6850,GPU,AMD,OpenCL_1_2,TeraScale2,1G,127
AMD;Radeon;HD,6770,AMDRadeon_HD_6770,GPU,AMD,OpenCL_1_2,TeraScale2,1G,108
AMD;Radeon;HD,6750,AMDRadeon_HD_6750,GPU,AMD,OpenCL_1_2,TeraScale2,1G,86
AMD;Radeon;HD,6670,AMDRadeon_HD_6670,GPU,AMD,OpenCL_1_2,TeraScale2,1G,66
AMD;Radeon;HD,6570,AMDRadeon_HD_6570,GPU,AMD,OpenCL_1_2,TeraScale2,1G,60
AMD;Radeon;HD,6450,AMDRadeon_HD_6450,GPU,AMD,OpenCL_1_2,TeraScale2,1G,18
AMD;Radeon,VII,AMDRadeon_VII,GPU,AMD,OpenCL_2_1,GCN 5.1,16G,295
AMD;Radeon,550X,AMDRadeon_550X,GPU,AMD,OpenCL_2_1,GCN_4_0,4G,50
AMD;Radeon,540X,AMDRadeon_540X,GPU,AMD,OpenCL_2_1,GCN_4_0,4G,50
AMD;Radeon,630,AMDRadeon_630,GPU,AMD,OpenCL_2_1,GCN_4_0,4G,50
AMD;Radeon,625,AMDRadeon_625,GPU,AMD,OpenCL_2_0,GCN_3_0,4G,50
AMD;Radeon,620,AMDRadeon_620,GPU,AMD,OpenCL_2_0,GCN_3_0,4G,50
AMD;Radeon,610,AMDRadeon_610,GPU,AMD,OpenCL_1_2,GCN_1_0,4G,50
AMD;Radeon,540,AMDRadeon_540,GPU,AMD,OpenCL_2_1,GCN_4_0,4G,50
AMD;Radeon,535,AMDRadeon_535,GPU,AMD,OpenCL_2_0,GCN_3_0,4G,50
AMD;Radeon,530,AMDRadeon_530,GPU,AMD,OpenCL_2_0,GCN_3_0,4G,50
AMD;Radeon,520,AMDRadeon_520,GPU,AMD,OpenCL_1_2,GCN_1_0,4G,50
AMD;Instinct;MI50,32,AMDInstinct_MI50_32G,GPU,AMD,OpenCL_2_1,Vega20,32G,300
AMD;Instinct;MI50,16,AMDInstinct_MI50_16G,GPU,AMD,OpenCL_2_1,Vega20,16G,300
AMD;Instinct,MI8,AMDInstinct_MI8,GPU,AMD,OpenCL_2_0,GCN_3_0,4G,175
AMD;Instinct,MI60,AMDInstinct_MI60,GPU,AMD,OpenCL_2_1,Vega20,32G,300
AMD;Instinct,MI6,AMDInstinct_MI6,GPU,AMD,OpenCL_2_1,Polaris,16G,150
AMD;Instinct,MI250X,AMDInstinct_MI250X,GPU,AMD,OpenCL_3_0,CDNA2,128G,500
AMD;Instinct,MI250,AMDInstinct_MI250,GPU,AMD,OpenCL_3_0,CDNA2,128G,500
AMD;Instinct,MI25,AMDInstinct_MI25,GPU,AMD,OpenCL_2_1,Vega,16G,300
AMD;Instinct,MI210,AMDInstinct_MI210,GPU,AMD,OpenCL_3_0,CDNA2,64G,300
AMD;Instinct,MI100,AMDInstinct_MI100,GPU,AMD,OpenCL_2_1,CDNA,32G,300
AMD;FirePro;W9100,32,AMDFirePro_W9100_32G,GPU,AMD,OpenCL_2_0,GCN_2_0,32G,275
AMD;FirePro;W9100,,AMDFirePro_W9100,GPU,AMD,OpenCL_2_0,GCN_2_0,16G,275
AMD;FirePro;W5000,DVI,AMDFirePro_W5000_DVI,GPU,AMD,OpenCL_2_0,GCN,2G,75
AMD;FirePro;W5000,,AMDFirePro_W5000,GPU,AMD,OpenCL_1_2,GCN,2G,75
AMD;FirePro;S7150,x2,AMDFirePro_S7150_x2,GPU,AMD,OpenCL_2_0,GCN_3_0,16G,265
AMD;FirePro;S7150,,AMDFirePro_S7150_ActiveCooling,GPU,AMD,OpenCL_2_0,GCN_3_0,8G,150
AMD;FirePro;S10000,12,AMDFirePro_S10000_12G,GPU,AMD,OpenCL_2_0,GCN,12G,375
AMD;FirePro;S10000,,AMDFirePro_S10000,GPU,AMD,OpenCL_2_0,GCN,6G,375
AMD;FirePro;2270,x1,AMDFirePro_2270_x1,GPU,AMD,OpenCL_1_2,TeraScale2,512M,15
AMD;FirePro;2270,1G,AMDFirePro_2270_1G,GPU,AMD,OpenCL_1_2,TeraScale2,1G,15
AMD;FirePro;2270,,AMDFirePro_2270,GPU,AMD,OpenCL_1_2,TeraScale2,512M,15
AMD;FirePro,W9000,AMDFirePro_W9000,GPU,AMD,OpenCL_1_2,GCN,6G,274
AMD;FirePro,W8100,AMDFirePro_W8100,GPU,AMD,OpenCL_2_0,GCN_2_0,8G,220
AMD;FirePro,W8000,AMDFirePro_W8000,GPU,AMD,OpenCL_1_2,GCN,4G,225
AMD;FirePro,W7170M,AMDFirePro_W7170M,GPU,AMD,OpenCL_2_0,GCN_3_0,4G,100
AMD;FirePro,W7100,AMDFirePro_W7100,GPU,AMD,OpenCL_2_0,GCN_3_0,8G,150
AMD;FirePro,W7000,AMDFirePro_W7000,GPU,AMD,OpenCL_1_2,GCN,4G,150
AMD;FirePro,W6150M,AMDFirePro_W6150M,GPU,AMD,OpenCL_2_0,GCN_2_0,4G,na
AMD;FirePro,W600,AMDFirePro_W600,GPU,AMD,OpenCL_2_0,GCN,2G,75
AMD;FirePro,W5170M,AMDFirePro_W5170M,GPU,AMD,OpenCL_2_0,GCN,2G,na
AMD;FirePro,W5130M,AMDFirePro_W5130M,GPU,AMD,OpenCL_2_0,GCN,2G,na
AMD;FirePro,W5100,AMDFirePro_W5100,GPU,AMD,OpenCL_2_0,GCN_2_0,4G,50
AMD;FirePro,W4300,AMDFirePro_W4300,GPU,AMD,OpenCL_2_0,GCN_2_0,4G,50
AMD;FirePro,W4190M,AMDFirePro_W4190M,GPU,AMD,OpenCL_2_0,GCN,2G,na
AMD;FirePro,W4170M,AMDFirePro_W4170M,GPU,AMD,OpenCL_2_0,GCN,2G,na
AMD;FirePro,W4100,AMDFirePro_W4100,GPU,AMD,OpenCL_1_2,GCN,2G,50
AMD;FirePro,W2100,AMDFirePro_W2100,GPU,AMD,OpenCL_1_2,GCN,2G,26
AMD;FirePro,S9300,AMDFirePro_S9300_x2,GPU,AMD,OpenCL_2_0,GCN_3_0,8G,300
AMD;FirePro,S9170,AMDFirePro_S9170,GPU,AMD,OpenCL_2_0,GCN_2_0,32G,275
AMD;FirePro,S9150,AMDFirePro_S9150,GPU,AMD,OpenCL_2_0,GCN_2_0,16G,235
AMD;FirePro,S9100,AMDFirePro_S9100,GPU,AMD,OpenCL_2_0,GCN_2_0,12G,225
AMD;FirePro,S9050,AMDFirePro_S9050,GPU,AMD,OpenCL_2_0,GCN,12G,225
AMD;FirePro,S9000,AMDFirePro_S9000,GPU,AMD,OpenCL_2_0,GCN,6G,225
AMD;FirePro,S7100X,AMDFirePro_S7100X,GPU,AMD,OpenCL_2_0,GCN_3_0,8G,100
AMD;FirePro,S7000,AMDFirePro_S7000,GPU,AMD,OpenCL_2_0,GCN,4G,150
AMD;FirePro,S4000X,AMDFirePro_S4000X,GPU,AMD,OpenCL_2_0,GCN,2G,45
AMD;FirePro,R5000,AMDFirePro_R5000,GPU,AMD,OpenCL_2_0,GCN,2G,150
AMD;FirePro,2460,AMDFirePro_2460,GPU,AMD,OpenCL_1_2,TeraScale2,512M,17